{
  "project_info": {
    "project_number": "70683452870",
    "firebase_url": "https://atlantis-558a1.firebaseio.com",
    "project_id": "atlantis-558a1",
    "storage_bucket": "atlantis-558a1.appspot.com"
  },
  "client": [
    {
      "client_info": {
        "mobilesdk_app_id": "1:70683452870:android:1dee0c3b2c9e86ad5cbec7",
        "android_client_info": {
          "package_name": "com.example.atlantis"
        }
      },
      "oauth_client": [
        {
          "client_id": "70683452870-upts7qi9g6tksalstq2ddphv5bt64es7.apps.googleusercontent.com",
          "client_type": 1,
          "android_info": {
            "package_name": "com.example.atlantis",
            "certificate_hash": "d8f32fb59c92a46bb1cd229d4c56840b76f0ba45"
          }
        },
        {
          "client_id": "70683452870-8a93hdruv3ncnbg21sclvm2kijb89e79.apps.googleusercontent.com",
          "client_type": 3
        }
      ],
      "api_key": [
        {
          "current_key": "AIzaSyBOmoPDR8OHbkuUT8cwknFTLp3X7i_u9C4"
        }
      ],
      "services": {
        "appinvite_service": {
          "other_platform_oauth_client": [
            {
              "client_id": "70683452870-8a93hdruv3ncnbg21sclvm2kijb89e79.apps.googleusercontent.com",
              "client_type": 3
            }
          ]
        }
      }
    }
  ],
  "configuration_version": "1"
}